Original Link,Replacement / Updated Link,Type
https://www.circuitbread.com/tutorials/routh-hurwitz-criterion-part-2-3-3,https://web.archive.org/web/20210101000000/https://www.circuitbread.com/tutorials/routh-hurwitz-criterion-part-2-3-3,Broken → fixed
https://www.aplusphysics.com/courses/honors/dynamics/Atwood.html,https://web.archive.org/web/20210101000000/https://www.aplusphysics.com/courses/honors/dynamics/Atwood.html,Broken → fixed
https://www.jstor.org/stable/24780825,https://doi.org/10.2307/24780825,Broken → fixed
https://www.mathworks.com/help/control/ref/dynamicsystem.impulse.html,https://web.archive.org/web/20210101000000/https://www.mathworks.com/help/control/ref/dynamicsystem.impulse.html,Broken → fixed
https://www.mathworks.com/help/control/ref/lti.step.html,https://web.archive.org/web/20210101000000/https://www.mathworks.com/help/control/ref/lti.step.html,Broken → fixed
https://www.mathworks.com/help/econ/dtmc.classify.html,https://web.archive.org/web/20210101000000/https://www.mathworks.com/help/econ/dtmc.classify.html,Broken → fixed
https://www.pydy.org/documentation.html,https://pydy.github.io/pydy/,Broken → fixed
https://www.math.usm.edu/perry/Research/Thesis_DRL.pdf,https://web.archive.org/web/20210101000000/https://www.math.usm.edu/perry/Research/Thesis_DRL.pdf,Broken → fixed
https://xy-pic.sourceforge.net/,https://ctan.org/pkg/xypic,Broken → fixed
https://resolver.caltech.edu/CaltechAUTHORS:20140123-101456353,https://authors.library.caltech.edu/records/mhd23-e0z22,Redirect → updated
https://www.anaconda.com/products/distribution,https://www.anaconda.com/download,Redirect → updated
https://www.sympy.org,https://www.sympy.org/,Redirect → canonical
https://www.cybertester.com/data/gruntz.pdf,https://cybertester.com/data/gruntz.pdf,Redirect → updated
https://www.cybertester.com/data/denest.pdf,https://cybertester.com/data/denest.pdf,Redirect → updated
https://www.ics.uci.edu/~eppstein/numth/egypt/conflict.html,https://ics.uci.edu/~eppstein/numth/egypt/conflict.html,Redirect → updated
https://tinyurl.com/cep849r,https://math.stackexchange.com/questions/4643/an-efficient-method-for-computing-the-number-of-submultisets-of-size-n-of-a-giv/4654#4654,Redirect → updated
